index,features,importance_vals
16,age,0.463891158
19,race_white,0.0812091
15,Z_16,0.065261828
2,Z_3,0.063276258
3,Z_4,0.053771265
9,Z_10,0.047063301
11,Z_12,0.045292209
5,Z_6,0.038654735
8,Z_9,0.036952862
6,Z_7,0.03587464
0,Z_1,0.033910356
18,grade_h,0.031846037
7,Z_8,0.03155013
10,Z_11,0.030939351
12,Z_13,0.030756822
17,stage_h,0.029438526
13,Z_14,0.026301197
1,Z_2,0.021771651
14,Z_15,0.020772432
4,Z_5,0.009055861
